[{"pk": 1, "model": "sites.site", "fields": {"domain": "example.com", "name": "example.com"}}, {"pk": 1, "model": "place.place", "fields": {"phone_number": "", "name": "Hall1", "webpage": "", "coordinates": "", "address": "Istanbul", "banner": "organizations/Hall1/Events.jpg", "email": "hall1@hall1.com", "description": "concert hall , the first one "}}, {"pk": 2, "model": "place.place", "fields": {"phone_number": "", "name": "Hall2", "webpage": "", "coordinates": "", "address": "Istanbul", "banner": "organizations/Hall2/Events.jpg", "email": "hall2@hall2.com", "description": "same as the other concert hall"}}, {"pk": 3, "model": "place.place", "fields": {"phone_number": "00900534000", "name": "hall3", "webpage": "http://hall3.com/", "coordinates": "", "address": "Izmir", "banner": "organizations/hall3/Event_Management.jpg", "email": "hall3@hall3.com", "description": "third concert hall"}}, {"pk": 4, "model": "place.place", "fields": {"phone_number": "05340000000", "name": "Hall4", "webpage": "http://hall4.com.tr/", "coordinates": "", "address": "Ankara", "banner": "organizations/Hall4/front-event.jpg", "email": "hall4@hall4.com", "description": "fourth event hall"}}, {"pk": 5, "model": "place.place", "fields": {"phone_number": "05340000000", "name": "hall5", "webpage": "http://hall5.com.tr/", "coordinates": "", "address": "Istanbul", "banner": "organizations/hall5/events1.jpg", "email": "hall5@hall5.com", "description": "fifth event hall"}}, {"pk": 6, "model": "place.place", "fields": {"phone_number": "05340000000", "name": "hall6", "webpage": "http://hall6.com.tr/", "coordinates": "", "address": "Istanbul", "banner": "organizations/hall6/Events.jpg", "email": "hall6@hall6.com", "description": "sixth event hall"}}, {"pk": 7, "model": "place.place", "fields": {"phone_number": "05340000000", "name": "hall7", "webpage": "http://hall7.com.tr/", "coordinates": "", "address": "Izmir", "banner": "organizations/hall7/Event_Management.jpg", "email": "hall7@hall7.com", "description": "seventh event hall"}}, {"pk": 8, "model": "place.place", "fields": {"phone_number": "05340000000", "name": "hall8", "webpage": "http://hall8.com.tr/", "coordinates": "", "address": "Ankara", "banner": "organizations/hall8/front-event.jpg", "email": "hall8@hall8.com", "description": "hall number eight"}}, {"pk": 9, "model": "place.place", "fields": {"phone_number": "05340000000", "name": "hall9", "webpage": "http://hall9.com.tr/", "coordinates": "", "address": "Izmir", "banner": "organizations/hall9/front-event.jpg", "email": "hall9@hall9.com", "description": "hall no. 9"}}, {"pk": 10, "model": "place.place", "fields": {"phone_number": "", "name": "hall10", "webpage": "", "coordinates": "", "address": "", "banner": "organizations/hall10/Events.jpg", "email": "", "description": "tenth event hall"}}, {"pk": 1, "model": "auth.user", "fields": {"username": "admin", "first_name": "", "last_name": "", "is_active": true, "is_superuser": true, "is_staff": true, "last_login": "2012-12-24T01:20:01.766", "groups": [], "user_permissions": [], "password": "pbkdf2_sha256$10000$UKEIi3yzL6ay$dpy8CxgxBOtpQ7qmPzX0hZ9byM4jOeggi7bKJigtogY=", "email": "admin@admin.com", "date_joined": "2012-12-24T00:50:16"}}, {"pk": 2, "model": "auth.user", "fields": {"username": "male1", "first_name": "", "last_name": "", "is_active": true, "is_superuser": false, "is_staff": false, "last_login": "2012-12-24T01:21:56.333", "groups": [], "user_permissions": [], "password": "pbkdf2_sha256$10000$xtEtVyNrfuxq$NzrMmHzwSKogssfSEz6Ktzib8DTIup18NGnutjF32ik=", "email": "", "date_joined": "2012-12-24T01:21:56.333"}}, {"pk": 3, "model": "auth.user", "fields": {"username": "male2", "first_name": "", "last_name": "", "is_active": true, "is_superuser": false, "is_staff": false, "last_login": "2012-12-24T01:22:17.692", "groups": [], "user_permissions": [], "password": "pbkdf2_sha256$10000$MqGkEcdp5yaL$OhSZUcmd2qy8Lm/8u5bCz+lELbc0PKG3t5t/ICL2C6Q=", "email": "", "date_joined": "2012-12-24T01:22:17.692"}}, {"pk": 4, "model": "auth.user", "fields": {"username": "male3", "first_name": "", "last_name": "", "is_active": true, "is_superuser": false, "is_staff": false, "last_login": "2012-12-24T01:22:36.050", "groups": [], "user_permissions": [], "password": "pbkdf2_sha256$10000$shpvvBTvEnNN$rGs196SALhClyV4q1vdenA9DHoMwV4Tp9eAEkpCk+MA=", "email": "", "date_joined": "2012-12-24T01:22:36.050"}}, {"pk": 5, "model": "auth.user", "fields": {"username": "male4", "first_name": "", "last_name": "", "is_active": true, "is_superuser": false, "is_staff": false, "last_login": "2012-12-24T01:22:47.661", "groups": [], "user_permissions": [], "password": "pbkdf2_sha256$10000$LwKd99I8I8WD$cejQgHXbMB4loeJK8aUGnyQghs+SpXVeI/tkIAxEsvY=", "email": "", "date_joined": "2012-12-24T01:22:47.661"}}, {"pk": 6, "model": "auth.user", "fields": {"username": "male5", "first_name": "", "last_name": "", "is_active": true, "is_superuser": false, "is_staff": false, "last_login": "2012-12-24T01:22:58.759", "groups": [], "user_permissions": [], "password": "pbkdf2_sha256$10000$e1M6mQQKjpgf$2/fuBdOYkGTAO4+fwNSXEWpTqFK2QBTX2ljbpGmFCEI=", "email": "", "date_joined": "2012-12-24T01:22:58.759"}}, {"pk": 7, "model": "auth.user", "fields": {"username": "fem1", "first_name": "", "last_name": "", "is_active": true, "is_superuser": false, "is_staff": false, "last_login": "2012-12-24T01:23:08.252", "groups": [], "user_permissions": [], "password": "pbkdf2_sha256$10000$H1fWFKUiNnlB$JtqoNs9ZFQAXpNPFWm8R5+ygHbu2K++BKkeidKjuTc4=", "email": "", "date_joined": "2012-12-24T01:23:08.252"}}, {"pk": 8, "model": "auth.user", "fields": {"username": "fem2", "first_name": "", "last_name": "", "is_active": true, "is_superuser": false, "is_staff": false, "last_login": "2012-12-24T01:23:17.808", "groups": [], "user_permissions": [], "password": "pbkdf2_sha256$10000$EwqGdDuP7vkE$gL2k/TY6bYyY0aJB+4Q5hMPItj7VQE0PaluzAHTXtpQ=", "email": "", "date_joined": "2012-12-24T01:23:17.808"}}, {"pk": 9, "model": "auth.user", "fields": {"username": "fem3", "first_name": "", "last_name": "", "is_active": true, "is_superuser": false, "is_staff": false, "last_login": "2012-12-24T01:23:53.468", "groups": [], "user_permissions": [], "password": "pbkdf2_sha256$10000$TQQt0za3vVi8$pEsmsTSN3AActupBuDM7mTNHw3fBcQzpQO8dghRrTRQ=", "email": "", "date_joined": "2012-12-24T01:23:53.468"}}, {"pk": 10, "model": "auth.user", "fields": {"username": "fem4", "first_name": "", "last_name": "", "is_active": true, "is_superuser": false, "is_staff": false, "last_login": "2012-12-24T01:24:03.975", "groups": [], "user_permissions": [], "password": "pbkdf2_sha256$10000$Xr8EPiJHs4kI$Tp64M48YI5V2a4fidQWxHJ06BF8h58iV3O0XcSb+R9M=", "email": "", "date_joined": "2012-12-24T01:24:03.975"}}, {"pk": 11, "model": "auth.user", "fields": {"username": "fem5", "first_name": "", "last_name": "", "is_active": true, "is_superuser": false, "is_staff": false, "last_login": "2012-12-24T01:24:15.155", "groups": [], "user_permissions": [], "password": "pbkdf2_sha256$10000$F14wtwovpygS$T2Dj7f1f4wSyeGwHPWrUiK/KRQyvlwPXAyov8kBT4Uc=", "email": "", "date_joined": "2012-12-24T01:24:15.155"}}, {"pk": 80, "model": "admin.logentry", "fields": {"action_flag": 1, "action_time": "2012-12-24T02:18:55.831", "object_repr": "Participant object", "object_id": "29", "change_message": "", "user": 1, "content_type": 10}}, {"pk": 79, "model": "admin.logentry", "fields": {"action_flag": 1, "action_time": "2012-12-24T02:18:49.937", "object_repr": "Participant object", "object_id": "28", "change_message": "", "user": 1, "content_type": 10}}, {"pk": 78, "model": "admin.logentry", "fields": {"action_flag": 1, "action_time": "2012-12-24T02:18:41.800", "object_repr": "Participant object", "object_id": "27", "change_message": "", "user": 1, "content_type": 10}}, {"pk": 77, "model": "admin.logentry", "fields": {"action_flag": 1, "action_time": "2012-12-24T02:18:35.889", "object_repr": "Participant object", "object_id": "26", "change_message": "", "user": 1, "content_type": 10}}, {"pk": 76, "model": "admin.logentry", "fields": {"action_flag": 1, "action_time": "2012-12-24T02:18:28.329", "object_repr": "Participant object", "object_id": "25", "change_message": "", "user": 1, "content_type": 10}}, {"pk": 75, "model": "admin.logentry", "fields": {"action_flag": 1, "action_time": "2012-12-24T02:18:16.477", "object_repr": "Participant object", "object_id": "24", "change_message": "", "user": 1, "content_type": 10}}, {"pk": 74, "model": "admin.logentry", "fields": {"action_flag": 1, "action_time": "2012-12-24T02:18:06.829", "object_repr": "Participant object", "object_id": "23", "change_message": "", "user": 1, "content_type": 10}}, {"pk": 73, "model": "admin.logentry", "fields": {"action_flag": 1, "action_time": "2012-12-24T02:17:59.976", "object_repr": "Participant object", "object_id": "22", "change_message": "", "user": 1, "content_type": 10}}, {"pk": 72, "model": "admin.logentry", "fields": {"action_flag": 1, "action_time": "2012-12-24T02:17:53.540", "object_repr": "Participant object", "object_id": "21", "change_message": "", "user": 1, "content_type": 10}}, {"pk": 71, "model": "admin.logentry", "fields": {"action_flag": 1, "action_time": "2012-12-24T02:17:46.976", "object_repr": "Participant object", "object_id": "20", "change_message": "", "user": 1, "content_type": 10}}, {"pk": 70, "model": "admin.logentry", "fields": {"action_flag": 1, "action_time": "2012-12-24T02:17:27.539", "object_repr": "Participant object", "object_id": "19", "change_message": "", "user": 1, "content_type": 10}}, {"pk": 69, "model": "admin.logentry", "fields": {"action_flag": 1, "action_time": "2012-12-24T02:17:20.246", "object_repr": "Participant object", "object_id": "18", "change_message": "", "user": 1, "content_type": 10}}, {"pk": 68, "model": "admin.logentry", "fields": {"action_flag": 1, "action_time": "2012-12-24T02:17:12.607", "object_repr": "Participant object", "object_id": "17", "change_message": "", "user": 1, "content_type": 10}}, {"pk": 67, "model": "admin.logentry", "fields": {"action_flag": 1, "action_time": "2012-12-24T02:17:03.104", "object_repr": "Participant object", "object_id": "16", "change_message": "", "user": 1, "content_type": 10}}, {"pk": 66, "model": "admin.logentry", "fields": {"action_flag": 1, "action_time": "2012-12-24T02:16:56.786", "object_repr": "Participant object", "object_id": "15", "change_message": "", "user": 1, "content_type": 10}}, {"pk": 65, "model": "admin.logentry", "fields": {"action_flag": 1, "action_time": "2012-12-24T02:16:49.790", "object_repr": "Participant object", "object_id": "14", "change_message": "", "user": 1, "content_type": 10}}, {"pk": 64, "model": "admin.logentry", "fields": {"action_flag": 2, "action_time": "2012-12-24T02:16:10.854", "object_repr": "event5-hall1-priv", "object_id": "5", "change_message": "Changed title.", "user": 1, "content_type": 9}}, {"pk": 63, "model": "admin.logentry", "fields": {"action_flag": 2, "action_time": "2012-12-24T02:15:47.686", "object_repr": "event8-hall2-priv", "object_id": "8", "change_message": "Changed title.", "user": 1, "content_type": 9}}, {"pk": 62, "model": "admin.logentry", "fields": {"action_flag": 1, "action_time": "2012-12-24T02:15:30.680", "object_repr": "Participant object", "object_id": "13", "change_message": "", "user": 1, "content_type": 10}}, {"pk": 61, "model": "admin.logentry", "fields": {"action_flag": 1, "action_time": "2012-12-24T02:15:18.959", "object_repr": "Participant object", "object_id": "12", "change_message": "", "user": 1, "content_type": 10}}, {"pk": 60, "model": "admin.logentry", "fields": {"action_flag": 1, "action_time": "2012-12-24T02:15:05.283", "object_repr": "Participant object", "object_id": "11", "change_message": "", "user": 1, "content_type": 10}}, {"pk": 59, "model": "admin.logentry", "fields": {"action_flag": 1, "action_time": "2012-12-24T02:14:57.798", "object_repr": "Participant object", "object_id": "10", "change_message": "", "user": 1, "content_type": 10}}, {"pk": 58, "model": "admin.logentry", "fields": {"action_flag": 1, "action_time": "2012-12-24T02:14:50.977", "object_repr": "Participant object", "object_id": "9", "change_message": "", "user": 1, "content_type": 10}}, {"pk": 57, "model": "admin.logentry", "fields": {"action_flag": 1, "action_time": "2012-12-24T02:14:44.738", "object_repr": "Participant object", "object_id": "8", "change_message": "", "user": 1, "content_type": 10}}, {"pk": 56, "model": "admin.logentry", "fields": {"action_flag": 1, "action_time": "2012-12-24T02:14:37.496", "object_repr": "Participant object", "object_id": "7", "change_message": "", "user": 1, "content_type": 10}}, {"pk": 55, "model": "admin.logentry", "fields": {"action_flag": 1, "action_time": "2012-12-24T02:14:30.766", "object_repr": "Participant object", "object_id": "6", "change_message": "", "user": 1, "content_type": 10}}, {"pk": 54, "model": "admin.logentry", "fields": {"action_flag": 1, "action_time": "2012-12-24T02:13:47.592", "object_repr": "Participant object", "object_id": "5", "change_message": "", "user": 1, "content_type": 10}}, {"pk": 53, "model": "admin.logentry", "fields": {"action_flag": 1, "action_time": "2012-12-24T02:13:40.883", "object_repr": "Participant object", "object_id": "4", "change_message": "", "user": 1, "content_type": 10}}, {"pk": 52, "model": "admin.logentry", "fields": {"action_flag": 1, "action_time": "2012-12-24T02:13:29.722", "object_repr": "Participant object", "object_id": "3", "change_message": "", "user": 1, "content_type": 10}}, {"pk": 51, "model": "admin.logentry", "fields": {"action_flag": 1, "action_time": "2012-12-24T02:12:15.083", "object_repr": "Participant object", "object_id": "2", "change_message": "", "user": 1, "content_type": 10}}, {"pk": 50, "model": "admin.logentry", "fields": {"action_flag": 1, "action_time": "2012-12-24T02:12:07.680", "object_repr": "Participant object", "object_id": "1", "change_message": "", "user": 1, "content_type": 10}}, {"pk": 49, "model": "admin.logentry", "fields": {"action_flag": 2, "action_time": "2012-12-24T02:02:53.838", "object_repr": "hall9", "object_id": "9", "change_message": "Changed address, phone_number, email and webpage.", "user": 1, "content_type": 11}}, {"pk": 48, "model": "admin.logentry", "fields": {"action_flag": 2, "action_time": "2012-12-24T02:02:25.800", "object_repr": "hall8", "object_id": "8", "change_message": "Changed address, phone_number, email and webpage.", "user": 1, "content_type": 11}}, {"pk": 47, "model": "admin.logentry", "fields": {"action_flag": 2, "action_time": "2012-12-24T02:01:52.556", "object_repr": "hall7", "object_id": "7", "change_message": "Changed address, phone_number, email and webpage.", "user": 1, "content_type": 11}}, {"pk": 46, "model": "admin.logentry", "fields": {"action_flag": 2, "action_time": "2012-12-24T02:00:51.630", "object_repr": "hall6", "object_id": "6", "change_message": "Changed address, phone_number, email and webpage.", "user": 1, "content_type": 11}}, {"pk": 45, "model": "admin.logentry", "fields": {"action_flag": 2, "action_time": "2012-12-24T02:00:18.652", "object_repr": "hall5", "object_id": "5", "change_message": "Changed address, phone_number, email and webpage.", "user": 1, "content_type": 11}}, {"pk": 44, "model": "admin.logentry", "fields": {"action_flag": 2, "action_time": "2012-12-24T01:59:53.338", "object_repr": "Hall4", "object_id": "4", "change_message": "Changed address, phone_number, email and webpage.", "user": 1, "content_type": 11}}, {"pk": 43, "model": "admin.logentry", "fields": {"action_flag": 2, "action_time": "2012-12-24T01:58:48.210", "object_repr": "hall3", "object_id": "3", "change_message": "Changed address, phone_number, email and webpage.", "user": 1, "content_type": 11}}, {"pk": 42, "model": "admin.logentry", "fields": {"action_flag": 2, "action_time": "2012-12-24T01:58:03.513", "object_repr": "Hall2", "object_id": "2", "change_message": "Changed address and email.", "user": 1, "content_type": 11}}, {"pk": 41, "model": "admin.logentry", "fields": {"action_flag": 2, "action_time": "2012-12-24T01:55:56.079", "object_repr": "Hall1", "object_id": "1", "change_message": "Changed address and email.", "user": 1, "content_type": 11}}, {"pk": 40, "model": "admin.logentry", "fields": {"action_flag": 1, "action_time": "2012-12-24T01:52:31.307", "object_repr": "event10-hall3", "object_id": "10", "change_message": "", "user": 1, "content_type": 9}}, {"pk": 39, "model": "admin.logentry", "fields": {"action_flag": 1, "action_time": "2012-12-24T01:51:27.704", "object_repr": "event9-hall1", "object_id": "9", "change_message": "", "user": 1, "content_type": 9}}, {"pk": 38, "model": "admin.logentry", "fields": {"action_flag": 1, "action_time": "2012-12-24T01:50:06.542", "object_repr": "event8-hall2", "object_id": "8", "change_message": "", "user": 1, "content_type": 9}}, {"pk": 37, "model": "admin.logentry", "fields": {"action_flag": 1, "action_time": "2012-12-24T01:48:44.699", "object_repr": "event7-hall6", "object_id": "7", "change_message": "", "user": 1, "content_type": 9}}, {"pk": 36, "model": "admin.logentry", "fields": {"action_flag": 1, "action_time": "2012-12-24T01:48:01.153", "object_repr": "event6-hall3", "object_id": "6", "change_message": "", "user": 1, "content_type": 9}}, {"pk": 35, "model": "admin.logentry", "fields": {"action_flag": 1, "action_time": "2012-12-24T01:47:23.411", "object_repr": "event5-hall1", "object_id": "5", "change_message": "", "user": 1, "content_type": 9}}, {"pk": 34, "model": "admin.logentry", "fields": {"action_flag": 1, "action_time": "2012-12-24T01:46:44.619", "object_repr": "event4-hall3", "object_id": "4", "change_message": "", "user": 1, "content_type": 9}}, {"pk": 33, "model": "admin.logentry", "fields": {"action_flag": 1, "action_time": "2012-12-24T01:45:51.692", "object_repr": "event3-hall7", "object_id": "3", "change_message": "", "user": 1, "content_type": 9}}, {"pk": 32, "model": "admin.logentry", "fields": {"action_flag": 1, "action_time": "2012-12-24T01:45:09.650", "object_repr": "event2-hall1-private", "object_id": "2", "change_message": "", "user": 1, "content_type": 9}}, {"pk": 31, "model": "admin.logentry", "fields": {"action_flag": 1, "action_time": "2012-12-24T01:44:02.576", "object_repr": "event1-hall1", "object_id": "1", "change_message": "", "user": 1, "content_type": 9}}, {"pk": 30, "model": "admin.logentry", "fields": {"action_flag": 1, "action_time": "2012-12-24T01:37:56.198", "object_repr": "hall10", "object_id": "10", "change_message": "", "user": 1, "content_type": 11}}, {"pk": 29, "model": "admin.logentry", "fields": {"action_flag": 1, "action_time": "2012-12-24T01:37:38.418", "object_repr": "hall9", "object_id": "9", "change_message": "", "user": 1, "content_type": 11}}, {"pk": 28, "model": "admin.logentry", "fields": {"action_flag": 1, "action_time": "2012-12-24T01:37:14.333", "object_repr": "hall8", "object_id": "8", "change_message": "", "user": 1, "content_type": 11}}, {"pk": 27, "model": "admin.logentry", "fields": {"action_flag": 1, "action_time": "2012-12-24T01:36:47.878", "object_repr": "hall7", "object_id": "7", "change_message": "", "user": 1, "content_type": 11}}, {"pk": 26, "model": "admin.logentry", "fields": {"action_flag": 1, "action_time": "2012-12-24T01:36:32.874", "object_repr": "hall6", "object_id": "6", "change_message": "", "user": 1, "content_type": 11}}, {"pk": 25, "model": "admin.logentry", "fields": {"action_flag": 1, "action_time": "2012-12-24T01:35:44.408", "object_repr": "hall5", "object_id": "5", "change_message": "", "user": 1, "content_type": 11}}, {"pk": 24, "model": "admin.logentry", "fields": {"action_flag": 1, "action_time": "2012-12-24T01:35:26.727", "object_repr": "Hall4", "object_id": "4", "change_message": "", "user": 1, "content_type": 11}}, {"pk": 23, "model": "admin.logentry", "fields": {"action_flag": 1, "action_time": "2012-12-24T01:35:00.279", "object_repr": "hall3", "object_id": "3", "change_message": "", "user": 1, "content_type": 11}}, {"pk": 22, "model": "admin.logentry", "fields": {"action_flag": 1, "action_time": "2012-12-24T01:34:27.459", "object_repr": "Hall2", "object_id": "2", "change_message": "", "user": 1, "content_type": 11}}, {"pk": 21, "model": "admin.logentry", "fields": {"action_flag": 1, "action_time": "2012-12-24T01:34:08.644", "object_repr": "Hall1", "object_id": "1", "change_message": "", "user": 1, "content_type": 11}}, {"pk": 20, "model": "admin.logentry", "fields": {"action_flag": 2, "action_time": "2012-12-24T01:32:46.375", "object_repr": "UserProfile object", "object_id": "2", "change_message": "Changed gender, birthdate, address, photo and location.", "user": 1, "content_type": 12}}, {"pk": 19, "model": "admin.logentry", "fields": {"action_flag": 2, "action_time": "2012-12-24T01:32:07.379", "object_repr": "UserProfile object", "object_id": "4", "change_message": "Changed gender, birthdate, address, photo and location.", "user": 1, "content_type": 12}}, {"pk": 18, "model": "admin.logentry", "fields": {"action_flag": 2, "action_time": "2012-12-24T01:31:22.044", "object_repr": "UserProfile object", "object_id": "5", "change_message": "Changed gender, birthdate, address, photo and location.", "user": 1, "content_type": 12}}, {"pk": 17, "model": "admin.logentry", "fields": {"action_flag": 2, "action_time": "2012-12-24T01:30:44.328", "object_repr": "UserProfile object", "object_id": "6", "change_message": "Changed gender, birthdate, address, photo and location.", "user": 1, "content_type": 12}}, {"pk": 16, "model": "admin.logentry", "fields": {"action_flag": 2, "action_time": "2012-12-24T01:30:13.980", "object_repr": "UserProfile object", "object_id": "8", "change_message": "Changed gender, birthdate, address, photo and location.", "user": 1, "content_type": 12}}, {"pk": 15, "model": "admin.logentry", "fields": {"action_flag": 2, "action_time": "2012-12-24T01:29:34.179", "object_repr": "UserProfile object", "object_id": "10", "change_message": "Changed gender, birthdate, address, photo and location.", "user": 1, "content_type": 12}}, {"pk": 14, "model": "admin.logentry", "fields": {"action_flag": 2, "action_time": "2012-12-24T01:28:35.135", "object_repr": "UserProfile object", "object_id": "1", "change_message": "Changed gender, birthdate, address, photo and location.", "user": 1, "content_type": 12}}, {"pk": 13, "model": "admin.logentry", "fields": {"action_flag": 2, "action_time": "2012-12-24T01:27:49.249", "object_repr": "UserProfile object", "object_id": "9", "change_message": "Changed gender, birthdate, address, photo and location.", "user": 1, "content_type": 12}}, {"pk": 12, "model": "admin.logentry", "fields": {"action_flag": 2, "action_time": "2012-12-24T01:25:56.043", "object_repr": "UserProfile object", "object_id": "11", "change_message": "Changed gender, birthdate, address, photo, location and bio.", "user": 1, "content_type": 12}}, {"pk": 11, "model": "admin.logentry", "fields": {"action_flag": 1, "action_time": "2012-12-24T01:24:15.253", "object_repr": "fem5", "object_id": "11", "change_message": "", "user": 1, "content_type": 3}}, {"pk": 10, "model": "admin.logentry", "fields": {"action_flag": 1, "action_time": "2012-12-24T01:24:04.074", "object_repr": "fem4", "object_id": "10", "change_message": "", "user": 1, "content_type": 3}}, {"pk": 9, "model": "admin.logentry", "fields": {"action_flag": 1, "action_time": "2012-12-24T01:23:53.598", "object_repr": "fem3", "object_id": "9", "change_message": "", "user": 1, "content_type": 3}}, {"pk": 8, "model": "admin.logentry", "fields": {"action_flag": 1, "action_time": "2012-12-24T01:23:17.905", "object_repr": "fem2", "object_id": "8", "change_message": "", "user": 1, "content_type": 3}}, {"pk": 7, "model": "admin.logentry", "fields": {"action_flag": 1, "action_time": "2012-12-24T01:23:08.352", "object_repr": "fem1", "object_id": "7", "change_message": "", "user": 1, "content_type": 3}}, {"pk": 6, "model": "admin.logentry", "fields": {"action_flag": 1, "action_time": "2012-12-24T01:22:58.858", "object_repr": "male5", "object_id": "6", "change_message": "", "user": 1, "content_type": 3}}, {"pk": 5, "model": "admin.logentry", "fields": {"action_flag": 1, "action_time": "2012-12-24T01:22:47.758", "object_repr": "male4", "object_id": "5", "change_message": "", "user": 1, "content_type": 3}}, {"pk": 4, "model": "admin.logentry", "fields": {"action_flag": 1, "action_time": "2012-12-24T01:22:36.149", "object_repr": "male3", "object_id": "4", "change_message": "", "user": 1, "content_type": 3}}, {"pk": 3, "model": "admin.logentry", "fields": {"action_flag": 1, "action_time": "2012-12-24T01:22:17.791", "object_repr": "male2", "object_id": "3", "change_message": "", "user": 1, "content_type": 3}}, {"pk": 2, "model": "admin.logentry", "fields": {"action_flag": 1, "action_time": "2012-12-24T01:21:56.428", "object_repr": "male1", "object_id": "2", "change_message": "", "user": 1, "content_type": 3}}, {"pk": 1, "model": "admin.logentry", "fields": {"action_flag": 2, "action_time": "2012-12-24T01:07:30.797", "object_repr": "admin", "object_id": "1", "change_message": "Changed password.", "user": 1, "content_type": 3}}, {"pk": 1, "model": "event.event", "fields": {"status": "C", "description": "Pellentesque habitant morbi tristique senectus et netus et malesuada fames ac turpis egestas.", "tags": "", "start_time": "2012-11-08T00:00:00", "title": "event1-hall1", "host": 1, "location": 1, "banner": "events/event1-hall1/764px-Current_event_marker.svg.png", "is_private": false, "end_time": "2012-11-08T06:00:00"}}, {"pk": 2, "model": "event.event", "fields": {"status": "O", "description": "Lorem ipsum dolor sit amet, consectetuer adipiscing elit.", "tags": "", "start_time": "2012-12-25T01:44:51", "title": "event2-hall1-private", "host": 1, "location": 1, "banner": "events/event2-hall1-private/event_horizon.jpg", "is_private": true, "end_time": "2012-12-28T01:44:59"}}, {"pk": 3, "model": "event.event", "fields": {"status": "O", "description": "Lorem ipsum dolor sit amet, consectetuer adipiscing elit.", "tags": "", "start_time": "2012-12-24T01:45:34", "title": "event3-hall7", "host": 2, "location": 7, "banner": "events/event3-hall7/social-media-crime-event-sydney-ark-group-australia-june-28-29-worldsquare-rydges-sydney.png", "is_private": false, "end_time": "2012-12-28T01:45:38"}}, {"pk": 4, "model": "event.event", "fields": {"status": "C", "description": "Lorem ipsum dolor sit amet, consectetuer adipiscing elit.", "tags": "", "start_time": "2012-09-19T01:46:27", "title": "event4-hall3", "host": 7, "location": 3, "banner": "events/event4-hall3/Live_Event_Laser_3.jpg", "is_private": false, "end_time": "2012-11-16T01:46:36"}}, {"pk": 5, "model": "event.event", "fields": {"status": "Q", "description": "Lorem ipsum dolor sit amet, consectetuer adipiscing elit.", "tags": "", "start_time": "2012-12-24T01:47:06", "title": "event5-hall1-priv", "host": 1, "location": 1, "banner": "events/event5-hall1/SpecialEvent1.jpg", "is_private": true, "end_time": "2012-12-30T01:47:11"}}, {"pk": 6, "model": "event.event", "fields": {"status": "O", "description": "Lorem ipsum dolor sit amet, consectetuer adipiscing elit.", "tags": "", "start_time": "2012-12-24T01:47:49", "title": "event6-hall3", "host": 2, "location": 3, "banner": "events/event6-hall3/AicoLind_ADE02-4.jpg", "is_private": false, "end_time": "2012-12-25T01:47:52"}}, {"pk": 7, "model": "event.event", "fields": {"status": "C", "description": "Lorem ipsum dolor sit amet, consectetuer adipiscing elit.", "tags": "", "start_time": "2012-12-02T01:48:31", "title": "event7-hall6", "host": 11, "location": 6, "banner": "events/event7-hall6/get_event_image.php.jpeg", "is_private": false, "end_time": "2012-12-24T01:48:34"}}, {"pk": 8, "model": "event.event", "fields": {"status": "O", "description": "Lorem ipsum dolor sit amet, consectetuer adipiscing elit.", "tags": "", "start_time": "2012-12-25T12:00:00", "title": "event8-hall2-priv", "host": 6, "location": 2, "banner": "events/event8-hall2/John Lynch 5.7.09.jpg", "is_private": true, "end_time": "2013-01-01T00:00:00"}}, {"pk": 9, "model": "event.event", "fields": {"status": "O", "description": "Lorem ipsum dolor sit amet, consectetuer adipiscing elit.", "tags": "", "start_time": "2012-12-24T01:50:55", "title": "event9-hall1", "host": 9, "location": 1, "banner": "events/event9-hall1/event_horizon.jpg", "is_private": false, "end_time": "2012-12-25T00:00:00"}}, {"pk": 10, "model": "event.event", "fields": {"status": "O", "description": "Lorem ipsum dolor sit amet, consectetuer adipiscing elit.", "tags": "", "start_time": "2012-12-25T00:00:00", "title": "event10-hall3", "host": 1, "location": 3, "banner": "events/event10-hall3/AicoLind_ADE02-4.jpg", "is_private": false, "end_time": "2012-12-29T12:00:00"}}, {"pk": 1, "model": "event.participant", "fields": {"is_approved": false, "event": 1, "guest": 2}}, {"pk": 2, "model": "event.participant", "fields": {"is_approved": false, "event": 1, "guest": 3}}, {"pk": 3, "model": "event.participant", "fields": {"is_approved": false, "event": 1, "guest": 4}}, {"pk": 4, "model": "event.participant", "fields": {"is_approved": true, "event": 2, "guest": 1}}, {"pk": 5, "model": "event.participant", "fields": {"is_approved": false, "event": 2, "guest": 2}}, {"pk": 6, "model": "event.participant", "fields": {"is_approved": false, "event": 3, "guest": 7}}, {"pk": 7, "model": "event.participant", "fields": {"is_approved": false, "event": 3, "guest": 8}}, {"pk": 8, "model": "event.participant", "fields": {"is_approved": false, "event": 3, "guest": 11}}, {"pk": 9, "model": "event.participant", "fields": {"is_approved": false, "event": 5, "guest": 2}}, {"pk": 10, "model": "event.participant", "fields": {"is_approved": false, "event": 4, "guest": 6}}, {"pk": 11, "model": "event.participant", "fields": {"is_approved": false, "event": 4, "guest": 8}}, {"pk": 12, "model": "event.participant", "fields": {"is_approved": true, "event": 5, "guest": 1}}, {"pk": 13, "model": "event.participant", "fields": {"is_approved": true, "event": 5, "guest": 4}}, {"pk": 14, "model": "event.participant", "fields": {"is_approved": true, "event": 5, "guest": 8}}, {"pk": 15, "model": "event.participant", "fields": {"is_approved": false, "event": 6, "guest": 2}}, {"pk": 16, "model": "event.participant", "fields": {"is_approved": false, "event": 6, "guest": 9}}, {"pk": 17, "model": "event.participant", "fields": {"is_approved": false, "event": 6, "guest": 10}}, {"pk": 18, "model": "event.participant", "fields": {"is_approved": false, "event": 7, "guest": 4}}, {"pk": 19, "model": "event.participant", "fields": {"is_approved": false, "event": 7, "guest": 9}}, {"pk": 20, "model": "event.participant", "fields": {"is_approved": true, "event": 8, "guest": 1}}, {"pk": 21, "model": "event.participant", "fields": {"is_approved": false, "event": 8, "guest": 6}}, {"pk": 22, "model": "event.participant", "fields": {"is_approved": false, "event": 8, "guest": 9}}, {"pk": 23, "model": "event.participant", "fields": {"is_approved": false, "event": 9, "guest": 3}}, {"pk": 24, "model": "event.participant", "fields": {"is_approved": false, "event": 9, "guest": 4}}, {"pk": 25, "model": "event.participant", "fields": {"is_approved": false, "event": 9, "guest": 5}}, {"pk": 26, "model": "event.participant", "fields": {"is_approved": false, "event": 9, "guest": 6}}, {"pk": 27, "model": "event.participant", "fields": {"is_approved": false, "event": 9, "guest": 7}}, {"pk": 28, "model": "event.participant", "fields": {"is_approved": false, "event": 9, "guest": 8}}, {"pk": 29, "model": "event.participant", "fields": {"is_approved": false, "event": 9, "guest": 10}}, {"pk": 1, "model": "accounts.userprofile", "fields": {"bio": "", "gender": "M", "address": "Izmir one", "birthdate": "1960-04-05", "location": "35", "photo": "users/admin/surprised-reaction-guy-l.png", "user": 1}}, {"pk": 2, "model": "accounts.userprofile", "fields": {"bio": "", "gender": "M", "address": "Istanbul", "birthdate": "2012-12-24", "location": "35", "photo": "users/male1/images_1.jpeg", "user": 2}}, {"pk": 3, "model": "accounts.userprofile", "fields": {"bio": null, "gender": null, "address": null, "birthdate": null, "location": null, "photo": "", "user": 3}}, {"pk": 4, "model": "accounts.userprofile", "fields": {"bio": "", "gender": "M", "address": "Istanbul", "birthdate": "1994-07-06", "location": "34", "photo": "users/male3/index.jpeg", "user": 4}}, {"pk": 5, "model": "accounts.userprofile", "fields": {"bio": "", "gender": "M", "address": "Ankara", "birthdate": "1993-01-01", "location": "06", "photo": "users/male4/misc-are-you-fucking-kidding-me-clean.png", "user": 5}}, {"pk": 6, "model": "accounts.userprofile", "fields": {"bio": "", "gender": "M", "address": "other magic town", "birthdate": "1990-04-05", "location": "00", "photo": "users/male5/images.jpeg", "user": 6}}, {"pk": 7, "model": "accounts.userprofile", "fields": {"bio": null, "gender": null, "address": null, "birthdate": null, "location": null, "photo": "", "user": 7}}, {"pk": 8, "model": "accounts.userprofile", "fields": {"bio": "", "gender": "F", "address": "Izimir", "birthdate": "1995-09-01", "location": "35", "photo": "users/fem2/Seriously-female-meme.png", "user": 8}}, {"pk": 9, "model": "accounts.userprofile", "fields": {"bio": "", "gender": "F", "address": "istanbul", "birthdate": "1991-09-03", "location": "34", "photo": "users/fem3/troll_girl.jpg", "user": 9}}, {"pk": 10, "model": "accounts.userprofile", "fields": {"bio": "", "gender": "F", "address": "Istanbul", "birthdate": "1998-02-03", "location": "34", "photo": "users/fem4/202525-female-rage-face.jpg", "user": 10}}, {"pk": 11, "model": "accounts.userprofile", "fields": {"bio": "born to party", "gender": "F", "address": "somewhere in Ankara", "birthdate": "1989-01-30", "location": "06", "photo": "users/fem5/202525-female-rage-face.jpg", "user": 11}}]
